ALT	/action/feature/view/ZDB-ALT
ANAT	/action/ontology/term-detail/ZDB-ANAT
ATB	/action/marker/view/ZDB-ATB
BAC	/action/marker/view/ZDB-BAC
BAC_END	/action/marker/view/ZDB-BAC_END
CDNA	/action/marker/view/ZDB-CDNA
COMPANY	/action/profile/view/ZDB-COMPANY
CONSTRCT	/action/marker/view/ZDB-CONSTRCT
CRISPR   /action/marker/view/ZDB-CRISPR
CNE	 /action/marker/view/ZDB-CNE
EFG	/action/marker/view/ZDB-EFG
EST	/action/marker/view/ZDB-EST
ETCONSTRCT	/action/marker/view/ZDB-ETCONSTRCT
EXP	/action/expression/experiment?id=ZDB-EXP
FIG	/action/figure/view/ZDB-FIG
FISH	/action/fish/fish-detail/ZDB-FISH
FOSMID	/action/marker/view/ZDB-FOSMID
GENE	/action/marker/view/ZDB-GENE
GENEFAMILY	/action/marker/view/ZDB-GENEFAMILY
GENEP	/action/marker/view/ZDB-GENEP
GENO	/action/genotype/view/ZDB-GENO
GO	/action/ontology/term-detail/GO
GTCONSTRCT	/action/marker/view/ZDB-GTCONSTRCT
IMAGE	/<!--|WEBDRIVER_PATH_FROM_ROOT|-->?MIval=aa-imageview.apg&OID=ZDB-IMAGE
JRNL    /<!--|WEBDRIVER_PATH_FROM_ROOT|-->?MIval=aa-journalview.apg&OID=ZDB-JRNL
LAB	/action/profile/view/ZDB-LAB
LINK /action/mapping/linkage/ZDB-LINK
MRPHLNO	/action/marker/view/ZDB-MRPHLNO
NBO	/action/ontology/term-detail/NBO
PAC	/action/marker/view/ZDB-PAC
PAC_END	/action/marker/view/ZDB-PAC_END
PATO	/action/ontology/term-detail/PATO
PERS	/action/profile/view/ZDB-PERS
PGCONSTRCT	/action/marker/view/ZDB-PGCONSTRCT
PTCONSTRCT	/action/marker/view/ZDB-PTCONSTRCT
PUB	/action/publication/view/ZDB-PUB
RAPD	/action/marker/view/ZDB-RAPD
REFCROSS	/action/mapping/panel-detail/ZDB-REFCROSS
REGION	/action/marker/view/ZDB-REGION
SNP	/action/marker/view/ZDB-SNP
SSLP	/action/marker/view/ZDB-SSLP
STS	/action/marker/view/ZDB-STS
TALEN /action/marker/view/ZDB-TALEN
TERM	/action/ontology/term-detail/ZDB-TERM
TGCONSTRCT	/action/marker/view/ZDB-TGCONSTRCT
TSCRIPT	/action/marker/view/ZDB-TSCRIPT
XPAT   /<!--|WEBDRIVER_PATH_FROM_ROOT|-->?MIval=aa-fxallfigures.apg&xpatID=ZDB-XPAT
ZFA     /action/ontology/term-detail/ZFA
TERM    /action/ontology/term-detail/ZDB-TERM
ZFS     /action/ontology/term-detail/ZFS
NBO     /action/ontology/term-detail/NBO
MPATH     /action/ontology/term-detail/MPATH
BSPO     /action/ontology/term-detail/BSPO
SO     /action/ontology/term-detail/SO
DOID     /action/ontology/term-detail/DOID
ZECO     /action/ontology/term-detail/ZECO
